[{"id":3,"created_at":"2021-08-25 15:09:31","updated_at":"2021-08-25 15:09:31","template_id":14,"setting_name":"conditions","data":"[{\"object_type\":\"page\",\"object_ids\":[1],\"id\":888,\"condition_type\":\"include\"}]","template_guid":"6e32a0fc-c855-4648-946b-0213f044201d"},{"id":6,"created_at":"2021-08-26 14:35:10","updated_at":"2021-08-26 14:35:10","template_id":19,"setting_name":"conditions","data":"[{\"object_type\":\"page\",\"object_ids\":[5],\"id\":200,\"condition_type\":\"include\"}]","template_guid":"8f20a7d1-88dc-4d65-a001-168b58f3412a"},{"id":5,"created_at":"2021-08-26 14:20:00","updated_at":"2021-08-26 14:20:00","template_id":30,"setting_name":"conditions","data":"[{\"object_type\":\"page\",\"object_ids\":[4],\"id\":387,\"condition_type\":\"include\"}]","template_guid":"6da0eaa6-2722-4ddc-be31-ba09a889d950"},{"id":16,"created_at":"2021-09-02 08:01:01","updated_at":"2021-09-02 08:01:01","template_id":164,"setting_name":"conditions","data":"[{\"object_type\":\"page\",\"object_ids\":[3],\"id\":190,\"condition_type\":\"include\"}]","template_guid":"d3c3355f-fb55-4a51-9b90-ea9f383865fa"}]